epoch_id,validator_group,member_count,voting_power,delegated_stake,nominal_fee,network_effective_fee,identity_adjusted_effective_fee
5,PANDABYTE,1,0.45,5873354,0.0,0.0,0.0
6,PANDABYTE,1,0.68,9678117,0.0,0.0,0.0
7,PANDABYTE,1,1.23,18136904,0.0,0.0,0.0
8,PANDABYTE,1,1.63,25375968,0.0,0.0,0.0
9,PANDABYTE,1,2.04,33139601,0.0,0.0,0.0
10,PANDABYTE,1,2.78,45940350,0.0,0.0,0.0
11,PANDABYTE,1,2.91,48733415,0.0,0.0,0.0
12,PANDABYTE,1,3.24,54936625,0.0,0.0,0.0
13,PANDABYTE,1,3.71,63141154,0.0,0.0,0.0
14,PANDABYTE,1,3.84,66176610,0.0,0.0,0.0
15,PANDABYTE,1,3.96,70164042,0.0,0.0,0.0
16,PANDABYTE,1,4.03,71967034,0.0,0.0,0.0
17,PANDABYTE,1,3.92,74533804,0.0,0.0,0.0
18,PANDABYTE,1,3.96,75749091,0.0,0.0,0.0
19,PANDABYTE,1,3.99,77110708,0.0,0.0,0.0
20,PANDABYTE,1,4.1,79588045,0.0,0.0,0.0
21,PANDABYTE,1,4.37,85061076,0.9,0.9,0.9
22,PANDABYTE,1,4.41,86375903,0.9,0.9,0.9
23,PANDABYTE,1,4.49,88335114,0.9,0.9,0.9
24,PANDABYTE,1,4.51,88817375,0.9,0.9,0.9
25,PANDABYTE,1,4.56,89828498,0.9,0.9,0.9
26,PANDABYTE,1,4.57,90255500,0.9,0.9,0.9
27,PANDABYTE,1,4.66,92122342,0.9,0.9,0.9
28,PANDABYTE,1,4.69,92849585,0.9,0.9,0.9
29,PANDABYTE,1,4.61,91218254,0.9,0.9,0.9
30,PANDABYTE,1,4.35,86228972,0.9,0.9,0.9
31,PANDABYTE,1,4.36,86543695,0.9,0.9,0.9
32,PANDABYTE,1,4.41,87777260,0.9,0.9,0.9
33,PANDABYTE,1,4.42,88153800,0.9,0.9,0.9
34,PANDABYTE,1,4.75,94959151,0.9,0.9,0.9
35,PANDABYTE,1,4.8,95928038,0.9,0.9,0.9
36,PANDABYTE,1,5.24,105147249,0.9,0.9,0.9
37,PANDABYTE,1,5.57,111866933,0.9,0.9,0.9
38,PANDABYTE,1,5.64,113650528,0.9,0.9,0.9
39,PANDABYTE,1,5.85,119480676,0.9,0.9,0.9
40,PANDABYTE,1,5.93,121281649,0.9,0.9,0.9
41,PANDABYTE,1,6.0,122868040,0.9,0.9,0.9
42,PANDABYTE,1,6.05,124078234,0.8,0.8,0.8
43,PANDABYTE,1,6.12,125165685,0.8,0.8,0.8
44,PANDABYTE,1,6.08,124420984,0.8,0.8,0.8
45,PANDABYTE,1,6.15,126432213,0.8,0.8,0.8
46,PANDABYTE,1,6.2,127726061,0.8,0.8,0.8
47,PANDABYTE,1,6.33,130343461,0.8,0.8,0.8
48,PANDABYTE,1,6.35,130782264,0.8,0.8,0.8
49,PANDABYTE,1,6.37,131530808,0.8,0.8,0.8
50,PANDABYTE,1,6.38,131806233,0.8,0.8,0.8
51,PANDABYTE,1,6.4,132156479,0.8,0.8,0.8
52,PANDABYTE,1,6.52,134535348,0.8,0.8,0.8
53,PANDABYTE,1,6.52,134790546,0.8,0.8,0.8
54,PANDABYTE,1,6.53,134949697,0.8,0.8,0.8
55,PANDABYTE,1,6.52,135034875,0.8,0.8,0.8
56,PANDABYTE,1,6.46,134010380,0.8,0.8,0.8
57,PANDABYTE,1,6.49,134692548,0.8,0.8,0.8
58,PANDABYTE,1,6.5,135155328,0.8,0.8,0.8
59,PANDABYTE,1,6.5,135229664,0.8,0.8,0.8
60,PANDABYTE,1,6.51,135416999,0.8,0.8,0.8
61,PANDABYTE,1,6.52,135689461,0.8,0.8,0.8
62,PANDABYTE,1,6.52,135806420,0.8,0.8,0.8
63,PANDABYTE,1,6.53,136006299,0.8,0.8,0.8
64,PANDABYTE,1,6.51,136008252,0.8,0.8,0.8
65,PANDABYTE,1,6.51,136132068,0.8,0.8,0.8
66,PANDABYTE,1,6.51,136147229,0.8,0.8,0.8
67,PANDABYTE,1,6.53,135797784,0.8,0.8,0.8
68,PANDABYTE,1,6.59,136075368,0.8,0.8,0.8
69,PANDABYTE,1,6.56,135816221,0.8,0.8,0.8
70,PANDABYTE,1,6.53,135363348,0.8,0.8,0.8
71,PANDABYTE,1,6.48,135538516,0.8,0.8,0.8
72,PANDABYTE,1,6.62,142438443,0.8,0.8,0.8
73,PANDABYTE,1,6.57,141460565,0.8,0.8,0.8
74,PANDABYTE,1,6.49,139751507,0.8,0.8,0.8
75,PANDABYTE,1,6.49,139805325,0.8,0.8,0.8
76,PANDABYTE,1,6.48,139858512,0.8,0.8,0.8
77,PANDABYTE,1,6.48,139926047,0.8,0.8,0.8
78,PANDABYTE,1,6.46,139429314,0.8,0.8,0.8
79,PANDABYTE,1,6.47,139680186,0.8,0.8,0.8
80,PANDABYTE,1,6.45,139490247,0.8,0.8,0.8
81,PANDABYTE,1,6.46,139740070,0.8,0.8,0.8
82,PANDABYTE,1,6.48,140361735,0.8,0.8,0.8
83,PANDABYTE,1,6.49,140752397,0.8,0.8,0.8
84,PANDABYTE,1,6.47,140341253,0.8,0.8,0.8
85,PANDABYTE,1,6.51,140426259,0.8,0.8,0.8
86,PANDABYTE,1,6.52,140622702,0.8,0.8,0.8
87,PANDABYTE,1,6.51,140656467,0.8,0.8,0.8
88,PANDABYTE,1,6.5,140692498,0.8,0.8,0.8
89,PANDABYTE,1,6.48,140489670,0.8,0.8,0.8
90,PANDABYTE,1,6.5,141049835,0.8,0.8,0.8
91,PANDABYTE,1,6.52,141490560,0.8,0.8,0.8
92,PANDABYTE,1,6.52,141532685,0.8,0.8,0.8
93,PANDABYTE,1,6.51,141513452,0.8,0.8,0.8
94,PANDABYTE,1,6.44,140129056,0.8,0.8,0.8
95,PANDABYTE,1,6.44,140185798,0.8,0.8,0.8
96,PANDABYTE,1,6.44,140274284,0.8,0.8,0.8
97,PANDABYTE,1,6.44,140312565,0.8,0.8,0.8
98,PANDABYTE,1,6.43,140253882,0.8,0.8,0.8
99,PANDABYTE,1,6.43,140347229,0.8,0.8,0.8
100,PANDABYTE,1,7.39,163256233,0.8,0.8,0.8
101,PANDABYTE,1,7.37,163146536,0.8,0.8,0.8
102,PANDABYTE,1,7.21,162301188,0.8,0.8,0.8
103,PANDABYTE,2,7.35,164573429,0.7896333885101221,0.7896333885101221,0.7896333885101221
104,PANDABYTE,2,7.33,164180433,0.7887195960800031,0.7887195960800031,0.7887195960800031
105,PANDABYTE,2,7.35,164852983,0.7795302266383618,0.7795302266383618,0.7795302266383618
106,PANDABYTE,2,7.5,168196741,0.7632572286284667,0.7632572286284667,0.7632572286284667
107,PANDABYTE,2,7.6,170622299,0.7478542016363289,0.7478542016363289,0.7478542016363289
108,PANDABYTE,2,7.6,171105489,0.7460453732141813,0.7460453732141813,0.7460453732141813
109,PANDABYTE,2,7.62,171532145,0.7462377247133475,0.7462377247133475,0.7462377247133475
110,PANDABYTE,2,7.6,171092069,0.7484562759013687,0.7484562759013687,0.7484562759013687
111,PANDABYTE,2,7.6,171173400,0.7482137715322591,0.7482137715322591,0.7482137715322591
112,PANDABYTE,2,7.59,171120404,0.7480919505075502,0.7480919505075502,0.7480919505075502
113,PANDABYTE,2,7.59,171204936,0.7479319217759002,0.7479319217759002,0.7479319217759002
114,PANDABYTE,2,7.53,169861996,0.7538842908686885,0.7538842908686885,0.7538842908686885
115,PANDABYTE,2,7.56,170826657,0.7543174482422845,0.7543174482422845,0.7543174482422845
116,PANDABYTE,2,7.55,170551038,0.7532412391415642,0.7532412391415642,0.7532412391415642
117,PANDABYTE,2,7.56,170706821,0.753215601150466,0.753215601150466,0.753215601150466
118,PANDABYTE,2,7.56,170779992,0.7532520132686269,0.7532520132686269,0.7532520132686269
119,PANDABYTE,2,7.59,170981959,0.7518654386220947,0.7518654386220947,0.7518654386220947
120,PANDABYTE,2,7.5,169105115,0.7597056162375692,0.7597056162375692,0.7597056162375692
121,PANDABYTE,2,7.51,169567767,0.7580079060662513,0.7580079060662513,0.7580079060662513
122,PANDABYTE,2,7.55,170831270,0.7522159426667027,0.7522159426667027,0.7522159426667027
123,PANDABYTE,2,7.69,173842360,0.7391906966748496,0.7391906966748496,0.7391906966748496
124,PANDABYTE,2,7.68,173937283,0.7383644919876091,0.7383644919876091,0.7383644919876091
125,PANDABYTE,2,7.67,173868752,0.7381580745457931,0.7381580745457931,0.7381580745457931
126,PANDABYTE,2,7.68,173926967,0.7376691390243124,0.7376691390243124,0.7376691390243124
127,PANDABYTE,2,7.69,174192506,0.737001689383813,0.737001689383813,0.737001689383813
128,PANDABYTE,2,7.69,174368330,0.736683139650417,0.736683139650417,0.736683139650417
129,PANDABYTE,2,7.8,174582113,0.7362196698810719,0.7362196698810719,0.7362196698810719
130,PANDABYTE,2,7.8,174691141,0.7361785106206388,0.7361785106206388,0.7361785106206388
131,PANDABYTE,2,7.81,174823383,0.735917126143246,0.735917126143246,0.735917126143246
132,PANDABYTE,2,7.81,174860304,0.7357408185679467,0.7357408185679467,0.7357408185679467
133,PANDABYTE,2,7.8,174819766,0.7,0.7,0.7
134,PANDABYTE,2,7.77,174693945,0.7,0.7,0.7
135,PANDABYTE,2,7.79,174782426,0.7,0.7,0.7
136,PANDABYTE,2,7.76,174967083,0.7,0.7,0.7
137,PANDABYTE,2,7.7,174994633,0.7,0.7,0.7
138,PANDABYTE,2,7.68,175181870,0.7,0.7,0.7
139,PANDABYTE,2,7.68,175466929,0.7,0.7,0.7
140,PANDABYTE,2,7.68,175595487,0.7,0.7,0.7
141,PANDABYTE,2,7.72,175994339,0.7,0.7,0.7
142,PANDABYTE,2,7.72,176218160,0.7,0.7,0.7
143,PANDABYTE,2,7.69,175939174,0.7,0.7,0.7
144,PANDABYTE,2,7.67,175558605,0.7,0.7,0.7
145,PANDABYTE,2,7.69,175800346,0.7,0.7,0.7
146,PANDABYTE,2,7.68,175697307,0.7,0.7,0.7
147,PANDABYTE,2,7.7,175981109,0.7,0.7,0.7
148,PANDABYTE,2,7.68,176042634,0.7,0.7,0.7
149,PANDABYTE,2,7.64,175058267,0.7,0.7,0.7
150,PANDABYTE,2,7.61,173838541,0.7,0.7,0.7
151,PANDABYTE,2,7.68,175097726,0.69,0.69,0.69
152,PANDABYTE,2,7.53,171752933,0.69,0.69,0.69
153,PANDABYTE,2,7.52,171821357,0.69,0.69,0.69
154,PANDABYTE,2,7.63,171747561,0.69,0.69,0.69
155,PANDABYTE,2,7.62,171756285,0.69,0.69,0.69
156,PANDABYTE,2,7.52,171215967,0.69,0.69,0.69
157,PANDABYTE,2,7.51,171285366,0.69,0.69,0.69
158,PANDABYTE,2,7.51,171763208,0.69,0.69,0.69
159,PANDABYTE,2,7.54,173042233,0.69,0.69,0.69
160,PANDABYTE,2,7.54,173097942,0.69,0.69,0.69
161,PANDABYTE,2,7.55,173489056,0.69,0.69,0.69
162,PANDABYTE,2,7.54,173795706,0.69,0.69,0.69
163,PANDABYTE,2,7.65,176708254,0.69,0.69,0.69
164,PANDABYTE,2,7.55,176946133,0.69,0.69,0.69
165,PANDABYTE,2,7.55,177271645,0.69,0.69,0.69
166,PANDABYTE,2,7.63,179203412,0.69,0.69,0.69
167,PANDABYTE,2,7.63,179281754,0.69,0.69,0.69
168,PANDABYTE,2,7.67,180440430,0.69,0.69,0.69
169,PANDABYTE,2,7.7,181309727,0.69,0.69,0.69
170,PANDABYTE,2,7.88,185533231,0.69,0.69,0.69
171,PANDABYTE,2,8.18,192721052,0.69,0.69,0.69
172,PANDABYTE,2,8.19,192993921,0.69,0.69,0.69
173,PANDABYTE,2,8.19,193107866,0.69,0.69,0.69
174,PANDABYTE,2,8.19,193239235,0.69,0.69,0.69
175,PANDABYTE,2,8.23,194154484,0.69,0.69,0.69
176,PANDABYTE,2,8.22,194369115,0.69,0.69,0.69
177,PANDABYTE,2,8.24,194823011,0.69,0.69,0.69
178,PANDABYTE,2,8.56,200061316,0.69,0.69,0.69
179,PANDABYTE,2,8.66,198979449,0.69,0.69,0.69
180,PANDABYTE,2,8.68,203943697,0.69,0.69,0.69
181,PANDABYTE,2,8.73,204708016,0.69,0.69,0.69
182,PANDABYTE,2,8.55,200851396,0.69,0.69,0.69
183,PANDABYTE,2,8.78,202691470,0.69,0.69,0.69
184,PANDABYTE,2,8.79,202980567,0.69,0.69,0.69
185,PANDABYTE,2,8.81,202744797,0.69,0.69,0.69
186,PANDABYTE,2,8.83,203142586,0.69,0.69,0.69
187,PANDABYTE,2,8.88,206267509,0.69,0.69,0.69
188,PANDABYTE,2,9.08,212913347,0.69,0.69,0.69
189,PANDABYTE,2,9.09,213291495,0.69,0.69,0.69
190,PANDABYTE,2,9.1,209562182,0.69,0.69,0.69
191,PANDABYTE,2,9.08,210688604,0.69,0.69,0.69
192,PANDABYTE,2,9.02,211931121,0.69,0.69,0.69
193,PANDABYTE,2,9.0,211409584,0.69,0.69,0.69
194,PANDABYTE,2,9.01,212317055,0.69,0.69,0.69
195,PANDABYTE,2,9.01,212366299,0.69,0.69,0.69
196,PANDABYTE,2,9.04,213204935,0.69,0.69,0.69
197,PANDABYTE,2,9.02,213181340,0.69,0.69,0.69
198,PANDABYTE,2,9.06,214706128,0.69,0.69,0.69
199,PANDABYTE,2,9.08,215129463,0.69,0.69,0.69
200,PANDABYTE,2,9.24,215126520,0.69,0.69,0.69
201,PANDABYTE,2,9.25,215804117,0.69,0.69,0.69
202,PANDABYTE,2,9.27,216288821,0.69,0.69,0.69
203,PANDABYTE,2,9.25,216157844,0.69,0.69,0.69
204,PANDABYTE,2,9.26,216381252,0.69,0.69,0.69
205,PANDABYTE,2,9.26,216390399,0.69,0.69,0.69
206,PANDABYTE,2,9.09,217030629,0.69,0.69,0.69
207,PANDABYTE,2,9.14,217350496,0.69,0.69,0.69
208,PANDABYTE,2,9.09,216575687,0.69,0.69,0.69
209,PANDABYTE,2,9.17,218470595,0.69,0.69,0.69
210,PANDABYTE,2,9.17,218699845,0.69,0.69,0.69
211,PANDABYTE,2,9.19,219086632,0.69,0.69,0.69
212,PANDABYTE,2,9.21,219360493,0.69,0.69,0.69
213,PANDABYTE,2,9.18,218540869,0.69,0.69,0.69
214,PANDABYTE,2,9.2,219056926,0.69,0.69,0.69
215,PANDABYTE,2,9.1,217280434,0.69,0.69,0.69
216,PANDABYTE,2,9.12,217871323,0.69,0.69,0.69
217,PANDABYTE,2,9.13,218240402,0.69,0.69,0.69
218,PANDABYTE,2,9.13,218351520,0.69,0.69,0.69
219,PANDABYTE,2,9.13,218566889,0.69,0.69,0.69
220,PANDABYTE,2,9.2,218770154,0.69,0.69,0.69
221,PANDABYTE,2,9.14,218883899,0.69,0.69,0.69
222,PANDABYTE,2,9.13,218756060,0.69,0.69,0.69
223,PANDABYTE,2,9.13,218834108,0.69,0.69,0.69
224,PANDABYTE,2,9.13,218783488,0.69,0.69,0.69
225,PANDABYTE,2,9.37,221500580,0.69,0.69,0.69
226,PANDABYTE,2,9.35,221681979,0.69,0.69,0.69
227,PANDABYTE,2,9.33,221954259,0.69,0.69,0.69
228,PANDABYTE,2,9.26,222009918,0.69,0.69,0.69
229,PANDABYTE,2,9.24,221919090,0.69,0.69,0.69
230,PANDABYTE,2,9.24,222025800,0.69,0.69,0.69
231,PANDABYTE,2,9.25,222145398,0.69,0.69,0.69
232,PANDABYTE,2,9.32,224116906,0.69,0.69,0.69
233,PANDABYTE,2,9.32,224034287,0.69,0.69,0.69
234,PANDABYTE,2,9.32,224218065,0.69,0.69,0.69
235,PANDABYTE,2,9.31,224214787,0.69,0.69,0.69
236,PANDABYTE,2,9.3,224007151,0.69,0.69,0.69
237,PANDABYTE,2,9.52,224227635,0.69,0.69,0.69
238,PANDABYTE,2,9.52,224322670,0.69,0.69,0.69
239,PANDABYTE,2,9.53,224168155,0.66,0.66,0.66
240,PANDABYTE,2,9.51,223502639,0.66,0.66,0.66
241,PANDABYTE,2,9.52,223763857,0.66,0.66,0.66
242,PANDABYTE,2,9.74,229216201,0.66,0.66,0.66
243,PANDABYTE,2,9.76,230118578,0.66,0.66,0.66
244,PANDABYTE,2,9.83,231812104,0.66,0.66,0.66
245,PANDABYTE,2,9.84,232372681,0.66,0.66,0.66
246,PANDABYTE,2,9.89,233713154,0.66,0.66,0.66
247,PANDABYTE,2,9.91,234108413,0.66,0.66,0.66
248,PANDABYTE,2,9.88,233675812,0.6,0.6,0.6
249,PANDABYTE,2,9.88,233879168,0.6,0.6,0.6
250,PANDABYTE,2,9.9,234008139,0.6,0.6,0.6
251,PANDABYTE,2,9.93,234684955,0.6,0.6,0.6
252,PANDABYTE,2,9.93,235204780,0.6,0.6,0.6
253,PANDABYTE,2,10.02,243074719,0.6,0.6,0.6
254,PANDABYTE,2,10.02,243182885,0.6,0.6,0.6
255,PANDABYTE,2,10.05,244117517,0.6,0.6,0.6
256,PANDABYTE,2,10.06,244548632,0.6,0.6,0.6
257,PANDABYTE,2,10.1,244712836,0.6,0.6,0.6
258,PANDABYTE,2,10.1,245049343,0.6,0.6,0.6
259,PANDABYTE,2,10.11,245284117,0.6,0.6,0.6
260,PANDABYTE,2,10.1,245432941,0.6,0.6,0.6
261,PANDABYTE,2,10.17,247350737,0.6,0.6,0.6
262,PANDABYTE,2,10.17,248093798,0.6,0.6,0.6
263,PANDABYTE,2,10.18,248669471,0.6,0.6,0.6
264,PANDABYTE,2,10.22,248987697,0.6,0.6,0.6
265,PANDABYTE,2,10.42,251549689,0.6,0.6,0.6
266,PANDABYTE,2,10.33,251692646,0.6,0.6,0.6
267,PANDABYTE,2,10.36,251961568,0.6,0.6,0.6
268,PANDABYTE,2,10.36,252162780,0.6,0.6,0.6
269,PANDABYTE,2,10.54,252898475,0.6,0.6,0.6
270,PANDABYTE,2,10.48,253689720,0.6,0.6,0.6
271,PANDABYTE,2,10.67,257335992,0.6,0.6,0.6
272,PANDABYTE,2,10.67,258197146,0.99,0.99,0.99
273,PANDABYTE,2,10.69,259113031,0.99,0.99,0.99
274,PANDABYTE,2,10.77,260094816,0.99,0.99,0.99
275,PANDABYTE,2,10.8,260828264,0.99,0.99,0.99
276,PANDABYTE,2,10.81,262133916,0.99,0.99,0.99
277,PANDABYTE,2,10.8,263033284,0.99,0.99,0.99
278,PANDABYTE,2,10.81,263399139,0.99,0.99,0.99
279,PANDABYTE,2,10.83,264026192,0.99,0.99,0.99
280,PANDABYTE,2,10.91,264127264,0.99,0.99,0.99
281,PANDABYTE,2,10.79,263267692,0.99,0.99,0.99
282,PANDABYTE,2,10.69,260872793,0.99,0.99,0.99
283,PANDABYTE,2,10.76,261056136,0.99,0.99,0.99
284,PANDABYTE,2,10.7,261918474,0.99,0.99,0.99
285,PANDABYTE,2,10.71,262176192,0.99,0.99,0.99
286,PANDABYTE,2,10.72,262600631,0.99,0.99,0.99
287,PANDABYTE,2,10.69,261709463,0.99,0.99,0.99
288,PANDABYTE,2,10.7,262052577,0.99,0.99,0.99
289,PANDABYTE,2,10.69,261994278,0.99,0.99,0.99
290,PANDABYTE,2,10.75,263354727,0.99,0.99,0.99
291,PANDABYTE,2,10.71,263677881,0.99,0.99,0.99
292,PANDABYTE,2,10.75,264589576,0.99,0.99,0.99
293,PANDABYTE,2,11.02,271207944,0.99,0.99,0.99
294,PANDABYTE,2,11.02,271372968,0.99,0.99,0.99
295,PANDABYTE,2,11.05,271544770,0.99,0.99,0.99
296,PANDABYTE,2,11.07,271642896,0.99,5.843803627354937,11.07
297,PANDABYTE,2,11.03,270827915,0.99,5.828750320734109,11.03
298,PANDABYTE,2,10.7,262437875,0.99,5.593870332435819,10.7
299,PANDABYTE,2,10.67,261940200,0.99,5.581124149519623,10.67
300,PANDABYTE,2,10.64,261303671,0.99,5.569599055384109,10.64
301,PANDABYTE,2,9.0,221170267,0.99,5.310986808593038,9.0
302,PANDABYTE,2,8.63,212351364,0.99,4.911915052780165,8.63
303,PANDABYTE,2,8.51,208754720,0.99,4.830660752197603,8.51
304,PANDABYTE,2,8.47,207596183,0.99,4.786524811152236,8.47
305,PANDABYTE,2,8.46,207628443,0.99,4.778232605683991,8.46
306,PANDABYTE,2,10.02,245203848,0.99,5.107934652314266,10.02
307,PANDABYTE,2,10.02,245430718,0.99,5.105120963138771,10.02
308,PANDABYTE,2,10.02,245271931,0.99,5.102595622611215,10.02
309,PANDABYTE,2,10.05,244298903,0.99,5.112885615986577,10.05
310,PANDABYTE,2,10.04,244037881,0.99,5.10958375052437,10.04
311,PANDABYTE,2,10.29,244079346,0.99,5.236678992084812,10.29
312,PANDABYTE,2,10.0,243062403,0.99,5.09514423129438,10.0
313,PANDABYTE,2,10.01,243052081,0.99,5.101669039937165,10.01
314,PANDABYTE,2,10.0,242984743,0.99,5.097804094226608,10.0
315,PANDABYTE,2,10.01,243213210,0.99,5.101104569484527,10.01
316,PANDABYTE,2,9.97,242405151,0.99,5.085197452920462,9.97
317,PANDABYTE,2,9.95,241349893,0.99,5.0720379414877135,9.95
318,PANDABYTE,2,9.95,241387032,0.99,5.072109637853288,9.95
319,PANDABYTE,2,9.93,241272297,0.99,5.062394400132892,9.93
320,PANDABYTE,2,9.9,240588540,0.99,5.051491148165245,9.9
321,PANDABYTE,2,9.84,239029187,0.99,5.031279781661141,9.84
322,PANDABYTE,2,8.23,200048866,0.99,4.687054167305302,8.23
323,PANDABYTE,2,8.25,200625273,0.99,4.688152077430444,8.25
324,PANDABYTE,2,8.25,200684886,0.99,4.681339886552293,8.25
325,PANDABYTE,2,8.37,201482308,0.99,4.733588675438441,8.37
326,PANDABYTE,2,8.36,200999226,0.99,4.7255297471643,8.36
327,PANDABYTE,2,8.27,200941477,0.99,4.675369863982835,8.27
328,PANDABYTE,2,8.26,200981130,0.99,4.6321023352789386,8.26
329,PANDABYTE,2,8.29,201652133,0.99,4.6360285423313625,8.29
330,PANDABYTE,2,8.26,201036700,0.99,4.63204070401076,8.26
331,PANDABYTE,2,8.28,201349084,0.99,4.634697622364152,8.28
332,PANDABYTE,2,8.27,201318359,0.99,4.632247968850173,8.27
333,PANDABYTE,2,8.28,201510151,0.99,4.628340917872668,8.28
334,PANDABYTE,2,8.28,201671176,0.99,4.626550252277995,8.28
335,PANDABYTE,2,8.28,201723268,0.99,4.626629495215197,8.28
336,PANDABYTE,2,8.29,201778413,0.99,4.628625733715133,8.29
337,PANDABYTE,2,8.27,201716700,0.99,4.6187725222056475,8.27
338,PANDABYTE,2,8.04,196363031,0.99,4.595893743665018,8.04
339,PANDABYTE,2,8.36,198677942,0.99,4.732016776578046,8.36
340,PANDABYTE,2,8.21,200799837,0.99,4.606065995760743,8.21
341,PANDABYTE,2,8.2,200431558,0.99,4.606638296150948,8.2
342,PANDABYTE,2,8.2,200591851,0.99,4.6056612155196675,8.2
343,PANDABYTE,2,8.17,200104524,0.99,4.52232865364903,8.17
344,PANDABYTE,2,8.21,200186057,0.99,4.545552116449349,8.21
345,PANDABYTE,2,8.22,200108868,0.99,4.552807551137613,8.22
346,PANDABYTE,2,8.14,197977726,0.99,4.545386274716581,8.14
347,PANDABYTE,2,8.14,198090368,0.99,4.544882565920621,8.14
348,PANDABYTE,2,8.14,198162576,0.99,4.544517483159888,8.14
349,PANDABYTE,2,8.13,198209867,0.99,4.5377286974820485,8.13
350,PANDABYTE,2,8.14,198521348,0.99,4.539203431763923,8.14
351,PANDABYTE,2,8.14,198690118,0.99,4.538181721045634,8.14
352,PANDABYTE,2,7.96,194229608,0.99,4.397680832677168,7.96
353,PANDABYTE,2,8.34,196421820,0.99,4.568832241652175,8.34
354,PANDABYTE,2,7.7,188656300,0.99,4.152922859400932,7.7
355,PANDABYTE,2,7.69,188692902,0.99,4.145912569302686,7.69
356,PANDABYTE,2,7.68,188415427,0.99,4.1368445748871725,7.68
357,PANDABYTE,2,7.69,187731693,0.99,4.15035692865136,7.69
358,PANDABYTE,2,7.66,187797493,0.99,4.133707628088517,7.66
359,PANDABYTE,2,7.66,187606201,0.99,4.134332691220585,7.66
360,PANDABYTE,2,7.61,186213181,0.99,4.13036736352192,7.61
361,PANDABYTE,2,7.62,186220407,0.99,4.133133890100455,7.62
362,PANDABYTE,2,7.61,186254071,0.99,4.1254280275033555,7.61
363,PANDABYTE,2,7.61,186233200,0.99,4.125703523217128,7.61
364,PANDABYTE,2,7.6,185802864,0.99,4.128751401808317,7.6
365,PANDABYTE,2,7.63,185594007,0.99,4.145520549216872,7.63
366,PANDABYTE,2,7.64,185026974,0.99,4.159386563172135,7.64
367,PANDABYTE,2,7.84,184523676,0.99,4.275784232913288,7.84
368,PANDABYTE,2,7.7,184351295,0.99,4.199603025679858,7.7
369,PANDABYTE,2,7.63,184306167,0.99,4.163843242369638,7.63
370,PANDABYTE,2,7.64,184420807,0.99,4.173029736606672,7.64
371,PANDABYTE,2,7.54,182089788,0.99,4.114480879290166,7.54
372,PANDABYTE,2,7.5,181908292,0.99,4.096798889189724,7.5
373,PANDABYTE,2,7.52,182434816,0.99,4.099667211986554,7.52
374,PANDABYTE,2,7.52,182208680,0.99,4.1048081454736405,7.52
375,PANDABYTE,2,7.53,182345177,0.99,4.1076348766274196,7.53
376,PANDABYTE,2,7.5,181901185,0.99,4.088954250517939,7.5
377,PANDABYTE,2,7.53,182124398,0.99,4.100781411889691,7.53
378,PANDABYTE,2,7.61,182122736,0.99,4.143522175671685,7.61
379,PANDABYTE,2,7.5,182096895,0.99,4.08367571434977,7.5
380,PANDABYTE,2,7.52,182209297,0.99,4.093215791947213,7.52
381,PANDABYTE,2,7.79,182338243,0.99,4.238214622974073,7.79
382,PANDABYTE,2,7.52,182190903,0.99,4.098668190749348,7.52
383,PANDABYTE,2,7.53,182896000,0.99,4.094515139915581,7.53
384,PANDABYTE,2,7.54,183418097,0.99,4.102700563129275,7.54
385,PANDABYTE,2,7.53,183143748,0.99,4.0959619266937795,7.53
386,PANDABYTE,2,7.51,183181884,0.99,4.086149110683893,7.51
