epoch_id,validator_address,validator_name,voting_power,delegated_stake,applied_fee,effective_fee
5,0x018ceb2744a0a6a0a316d7eb939a0a7a777209e6ded45cb0aa7eddd0d23edc60,Tangle Bay,0.45,5873354,0.0,0.0
6,0x018ceb2744a0a6a0a316d7eb939a0a7a777209e6ded45cb0aa7eddd0d23edc60,Tangle Bay,0.68,9678117,0.0,0.0
7,0x018ceb2744a0a6a0a316d7eb939a0a7a777209e6ded45cb0aa7eddd0d23edc60,Tangle Bay,1.23,18136904,0.0,0.0
8,0x018ceb2744a0a6a0a316d7eb939a0a7a777209e6ded45cb0aa7eddd0d23edc60,Tangle Bay,1.63,25375968,0.0,0.0
9,0x018ceb2744a0a6a0a316d7eb939a0a7a777209e6ded45cb0aa7eddd0d23edc60,Tangle Bay,2.04,33139601,0.0,0.0
10,0x018ceb2744a0a6a0a316d7eb939a0a7a777209e6ded45cb0aa7eddd0d23edc60,Tangle Bay,2.78,45940350,0.0,0.0
11,0x018ceb2744a0a6a0a316d7eb939a0a7a777209e6ded45cb0aa7eddd0d23edc60,Tangle Bay,2.91,48733415,0.0,0.0
12,0x018ceb2744a0a6a0a316d7eb939a0a7a777209e6ded45cb0aa7eddd0d23edc60,Tangle Bay,3.24,54936625,0.0,0.0
13,0x018ceb2744a0a6a0a316d7eb939a0a7a777209e6ded45cb0aa7eddd0d23edc60,Tangle Bay,3.71,63141154,0.0,0.0
14,0x018ceb2744a0a6a0a316d7eb939a0a7a777209e6ded45cb0aa7eddd0d23edc60,Tangle Bay,3.84,66176610,0.0,0.0
15,0x018ceb2744a0a6a0a316d7eb939a0a7a777209e6ded45cb0aa7eddd0d23edc60,Tangle Bay,3.96,70164042,0.0,0.0
16,0x018ceb2744a0a6a0a316d7eb939a0a7a777209e6ded45cb0aa7eddd0d23edc60,Tangle Bay,4.03,71967034,0.0,0.0
17,0x018ceb2744a0a6a0a316d7eb939a0a7a777209e6ded45cb0aa7eddd0d23edc60,Tangle Bay,3.92,74533804,0.0,0.0
18,0x018ceb2744a0a6a0a316d7eb939a0a7a777209e6ded45cb0aa7eddd0d23edc60,Tangle Bay,3.96,75749091,0.0,0.0
19,0x018ceb2744a0a6a0a316d7eb939a0a7a777209e6ded45cb0aa7eddd0d23edc60,Tangle Bay,3.99,77110708,0.0,0.0
20,0x018ceb2744a0a6a0a316d7eb939a0a7a777209e6ded45cb0aa7eddd0d23edc60,Tangle Bay,4.1,79588045,0.0,0.0
21,0x018ceb2744a0a6a0a316d7eb939a0a7a777209e6ded45cb0aa7eddd0d23edc60,Tangle Bay,4.37,85061076,0.9,0.9
22,0x018ceb2744a0a6a0a316d7eb939a0a7a777209e6ded45cb0aa7eddd0d23edc60,Tangle Bay,4.41,86375903,0.9,0.9
23,0x018ceb2744a0a6a0a316d7eb939a0a7a777209e6ded45cb0aa7eddd0d23edc60,Tangle Bay,4.49,88335114,0.9,0.9
24,0x018ceb2744a0a6a0a316d7eb939a0a7a777209e6ded45cb0aa7eddd0d23edc60,Tangle Bay,4.51,88817375,0.9,0.9
25,0x018ceb2744a0a6a0a316d7eb939a0a7a777209e6ded45cb0aa7eddd0d23edc60,Tangle Bay,4.56,89828498,0.9,0.9
26,0x018ceb2744a0a6a0a316d7eb939a0a7a777209e6ded45cb0aa7eddd0d23edc60,Tangle Bay,4.57,90255500,0.9,0.9
27,0x018ceb2744a0a6a0a316d7eb939a0a7a777209e6ded45cb0aa7eddd0d23edc60,Tangle Bay,4.66,92122342,0.9,0.9
28,0x018ceb2744a0a6a0a316d7eb939a0a7a777209e6ded45cb0aa7eddd0d23edc60,Tangle Bay,4.69,92849585,0.9,0.9
29,0x018ceb2744a0a6a0a316d7eb939a0a7a777209e6ded45cb0aa7eddd0d23edc60,Tangle Bay,4.61,91218254,0.9,0.9
30,0x018ceb2744a0a6a0a316d7eb939a0a7a777209e6ded45cb0aa7eddd0d23edc60,Tangle Bay,4.35,86228972,0.9,0.9
31,0x018ceb2744a0a6a0a316d7eb939a0a7a777209e6ded45cb0aa7eddd0d23edc60,Tangle Bay,4.36,86543695,0.9,0.9
32,0x018ceb2744a0a6a0a316d7eb939a0a7a777209e6ded45cb0aa7eddd0d23edc60,Tangle Bay,4.41,87777260,0.9,0.9
33,0x018ceb2744a0a6a0a316d7eb939a0a7a777209e6ded45cb0aa7eddd0d23edc60,Tangle Bay,4.42,88153800,0.9,0.9
34,0x018ceb2744a0a6a0a316d7eb939a0a7a777209e6ded45cb0aa7eddd0d23edc60,Tangle Bay,4.75,94959151,0.9,0.9
35,0x018ceb2744a0a6a0a316d7eb939a0a7a777209e6ded45cb0aa7eddd0d23edc60,Tangle Bay,4.8,95928038,0.9,0.9
36,0x018ceb2744a0a6a0a316d7eb939a0a7a777209e6ded45cb0aa7eddd0d23edc60,Tangle Bay,5.24,105147249,0.9,0.9
37,0x018ceb2744a0a6a0a316d7eb939a0a7a777209e6ded45cb0aa7eddd0d23edc60,Tangle Bay,5.57,111866933,0.9,0.9
38,0x018ceb2744a0a6a0a316d7eb939a0a7a777209e6ded45cb0aa7eddd0d23edc60,Tangle Bay,5.64,113650528,0.9,0.9
39,0x018ceb2744a0a6a0a316d7eb939a0a7a777209e6ded45cb0aa7eddd0d23edc60,Tangle Bay,5.85,119480676,0.9,0.9
40,0x018ceb2744a0a6a0a316d7eb939a0a7a777209e6ded45cb0aa7eddd0d23edc60,Tangle Bay,5.93,121281649,0.9,0.9
41,0x018ceb2744a0a6a0a316d7eb939a0a7a777209e6ded45cb0aa7eddd0d23edc60,Tangle Bay,6.0,122868040,0.9,0.9
42,0x018ceb2744a0a6a0a316d7eb939a0a7a777209e6ded45cb0aa7eddd0d23edc60,Tangle Bay,6.05,124078234,0.8,0.8
43,0x018ceb2744a0a6a0a316d7eb939a0a7a777209e6ded45cb0aa7eddd0d23edc60,Tangle Bay,6.12,125165685,0.8,0.8
44,0x018ceb2744a0a6a0a316d7eb939a0a7a777209e6ded45cb0aa7eddd0d23edc60,Tangle Bay,6.08,124420984,0.8,0.8
45,0x018ceb2744a0a6a0a316d7eb939a0a7a777209e6ded45cb0aa7eddd0d23edc60,Tangle Bay,6.15,126432213,0.8,0.8
46,0x018ceb2744a0a6a0a316d7eb939a0a7a777209e6ded45cb0aa7eddd0d23edc60,Tangle Bay,6.2,127726061,0.8,0.8
47,0x018ceb2744a0a6a0a316d7eb939a0a7a777209e6ded45cb0aa7eddd0d23edc60,Tangle Bay,6.33,130343461,0.8,0.8
48,0x018ceb2744a0a6a0a316d7eb939a0a7a777209e6ded45cb0aa7eddd0d23edc60,Tangle Bay,6.35,130782264,0.8,0.8
49,0x018ceb2744a0a6a0a316d7eb939a0a7a777209e6ded45cb0aa7eddd0d23edc60,Tangle Bay,6.37,131530808,0.8,0.8
50,0x018ceb2744a0a6a0a316d7eb939a0a7a777209e6ded45cb0aa7eddd0d23edc60,Tangle Bay,6.38,131806233,0.8,0.8
51,0x018ceb2744a0a6a0a316d7eb939a0a7a777209e6ded45cb0aa7eddd0d23edc60,Tangle Bay,6.4,132156479,0.8,0.8
52,0x018ceb2744a0a6a0a316d7eb939a0a7a777209e6ded45cb0aa7eddd0d23edc60,Tangle Bay,6.52,134535348,0.8,0.8
53,0x018ceb2744a0a6a0a316d7eb939a0a7a777209e6ded45cb0aa7eddd0d23edc60,Tangle Bay,6.52,134790546,0.8,0.8
54,0x018ceb2744a0a6a0a316d7eb939a0a7a777209e6ded45cb0aa7eddd0d23edc60,Tangle Bay,6.53,134949697,0.8,0.8
55,0x018ceb2744a0a6a0a316d7eb939a0a7a777209e6ded45cb0aa7eddd0d23edc60,Tangle Bay,6.52,135034875,0.8,0.8
56,0x018ceb2744a0a6a0a316d7eb939a0a7a777209e6ded45cb0aa7eddd0d23edc60,Tangle Bay,6.46,134010380,0.8,0.8
57,0x018ceb2744a0a6a0a316d7eb939a0a7a777209e6ded45cb0aa7eddd0d23edc60,Tangle Bay,6.49,134692548,0.8,0.8
58,0x018ceb2744a0a6a0a316d7eb939a0a7a777209e6ded45cb0aa7eddd0d23edc60,Tangle Bay,6.5,135155328,0.8,0.8
59,0x018ceb2744a0a6a0a316d7eb939a0a7a777209e6ded45cb0aa7eddd0d23edc60,Tangle Bay,6.5,135229664,0.8,0.8
60,0x018ceb2744a0a6a0a316d7eb939a0a7a777209e6ded45cb0aa7eddd0d23edc60,Tangle Bay,6.51,135416999,0.8,0.8
61,0x018ceb2744a0a6a0a316d7eb939a0a7a777209e6ded45cb0aa7eddd0d23edc60,Tangle Bay,6.52,135689461,0.8,0.8
62,0x018ceb2744a0a6a0a316d7eb939a0a7a777209e6ded45cb0aa7eddd0d23edc60,Tangle Bay,6.52,135806420,0.8,0.8
63,0x018ceb2744a0a6a0a316d7eb939a0a7a777209e6ded45cb0aa7eddd0d23edc60,Tangle Bay,6.53,136006299,0.8,0.8
64,0x018ceb2744a0a6a0a316d7eb939a0a7a777209e6ded45cb0aa7eddd0d23edc60,Tangle Bay,6.51,136008252,0.8,0.8
65,0x018ceb2744a0a6a0a316d7eb939a0a7a777209e6ded45cb0aa7eddd0d23edc60,Tangle Bay,6.51,136132068,0.8,0.8
66,0x018ceb2744a0a6a0a316d7eb939a0a7a777209e6ded45cb0aa7eddd0d23edc60,Tangle Bay,6.51,136147229,0.8,0.8
67,0x018ceb2744a0a6a0a316d7eb939a0a7a777209e6ded45cb0aa7eddd0d23edc60,Tangle Bay,6.53,135797784,0.8,0.8
68,0x018ceb2744a0a6a0a316d7eb939a0a7a777209e6ded45cb0aa7eddd0d23edc60,Tangle Bay,6.59,136075368,0.8,0.8
69,0x018ceb2744a0a6a0a316d7eb939a0a7a777209e6ded45cb0aa7eddd0d23edc60,Tangle Bay,6.56,135816221,0.8,0.8
70,0x018ceb2744a0a6a0a316d7eb939a0a7a777209e6ded45cb0aa7eddd0d23edc60,Tangle Bay,6.53,135363348,0.8,0.8
71,0x018ceb2744a0a6a0a316d7eb939a0a7a777209e6ded45cb0aa7eddd0d23edc60,Tangle Bay,6.48,135538516,0.8,0.8
72,0x018ceb2744a0a6a0a316d7eb939a0a7a777209e6ded45cb0aa7eddd0d23edc60,Tangle Bay,6.62,142438443,0.8,0.8
73,0x018ceb2744a0a6a0a316d7eb939a0a7a777209e6ded45cb0aa7eddd0d23edc60,Tangle Bay,6.57,141460565,0.8,0.8
74,0x018ceb2744a0a6a0a316d7eb939a0a7a777209e6ded45cb0aa7eddd0d23edc60,Tangle Bay,6.49,139751507,0.8,0.8
75,0x018ceb2744a0a6a0a316d7eb939a0a7a777209e6ded45cb0aa7eddd0d23edc60,Tangle Bay,6.49,139805325,0.8,0.8
76,0x018ceb2744a0a6a0a316d7eb939a0a7a777209e6ded45cb0aa7eddd0d23edc60,Tangle Bay,6.48,139858512,0.8,0.8
77,0x018ceb2744a0a6a0a316d7eb939a0a7a777209e6ded45cb0aa7eddd0d23edc60,Tangle Bay,6.48,139926047,0.8,0.8
78,0x018ceb2744a0a6a0a316d7eb939a0a7a777209e6ded45cb0aa7eddd0d23edc60,Tangle Bay,6.46,139429314,0.8,0.8
79,0x018ceb2744a0a6a0a316d7eb939a0a7a777209e6ded45cb0aa7eddd0d23edc60,Tangle Bay,6.47,139680186,0.8,0.8
80,0x018ceb2744a0a6a0a316d7eb939a0a7a777209e6ded45cb0aa7eddd0d23edc60,Tangle Bay,6.45,139490247,0.8,0.8
81,0x018ceb2744a0a6a0a316d7eb939a0a7a777209e6ded45cb0aa7eddd0d23edc60,Tangle Bay,6.46,139740070,0.8,0.8
82,0x018ceb2744a0a6a0a316d7eb939a0a7a777209e6ded45cb0aa7eddd0d23edc60,Tangle Bay,6.48,140361735,0.8,0.8
83,0x018ceb2744a0a6a0a316d7eb939a0a7a777209e6ded45cb0aa7eddd0d23edc60,PANDABYTE,6.49,140752397,0.8,0.8
84,0x018ceb2744a0a6a0a316d7eb939a0a7a777209e6ded45cb0aa7eddd0d23edc60,PANDABYTE,6.47,140341253,0.8,0.8
85,0x018ceb2744a0a6a0a316d7eb939a0a7a777209e6ded45cb0aa7eddd0d23edc60,PANDABYTE,6.51,140426259,0.8,0.8
86,0x018ceb2744a0a6a0a316d7eb939a0a7a777209e6ded45cb0aa7eddd0d23edc60,PANDABYTE,6.52,140622702,0.8,0.8
87,0x018ceb2744a0a6a0a316d7eb939a0a7a777209e6ded45cb0aa7eddd0d23edc60,PANDABYTE,6.51,140656467,0.8,0.8
88,0x018ceb2744a0a6a0a316d7eb939a0a7a777209e6ded45cb0aa7eddd0d23edc60,PANDABYTE,6.5,140692498,0.8,0.8
89,0x018ceb2744a0a6a0a316d7eb939a0a7a777209e6ded45cb0aa7eddd0d23edc60,PANDABYTE,6.48,140489670,0.8,0.8
90,0x018ceb2744a0a6a0a316d7eb939a0a7a777209e6ded45cb0aa7eddd0d23edc60,PANDABYTE,6.5,141049835,0.8,0.8
91,0x018ceb2744a0a6a0a316d7eb939a0a7a777209e6ded45cb0aa7eddd0d23edc60,PANDABYTE,6.52,141490560,0.8,0.8
92,0x018ceb2744a0a6a0a316d7eb939a0a7a777209e6ded45cb0aa7eddd0d23edc60,PANDABYTE,6.52,141532685,0.8,0.8
93,0x018ceb2744a0a6a0a316d7eb939a0a7a777209e6ded45cb0aa7eddd0d23edc60,PANDABYTE,6.51,141513452,0.8,0.8
94,0x018ceb2744a0a6a0a316d7eb939a0a7a777209e6ded45cb0aa7eddd0d23edc60,PANDABYTE,6.44,140129056,0.8,0.8
95,0x018ceb2744a0a6a0a316d7eb939a0a7a777209e6ded45cb0aa7eddd0d23edc60,PANDABYTE,6.44,140185798,0.8,0.8
96,0x018ceb2744a0a6a0a316d7eb939a0a7a777209e6ded45cb0aa7eddd0d23edc60,PANDABYTE,6.44,140274284,0.8,0.8
97,0x018ceb2744a0a6a0a316d7eb939a0a7a777209e6ded45cb0aa7eddd0d23edc60,PANDABYTE,6.44,140312565,0.8,0.8
98,0x018ceb2744a0a6a0a316d7eb939a0a7a777209e6ded45cb0aa7eddd0d23edc60,PANDABYTE,6.43,140253882,0.8,0.8
99,0x018ceb2744a0a6a0a316d7eb939a0a7a777209e6ded45cb0aa7eddd0d23edc60,PANDABYTE,6.43,140347229,0.8,0.8
100,0x018ceb2744a0a6a0a316d7eb939a0a7a777209e6ded45cb0aa7eddd0d23edc60,PANDABYTE,7.39,163256233,0.8,0.8
101,0x018ceb2744a0a6a0a316d7eb939a0a7a777209e6ded45cb0aa7eddd0d23edc60,PANDABYTE,7.37,163146536,0.8,0.8
102,0x018ceb2744a0a6a0a316d7eb939a0a7a777209e6ded45cb0aa7eddd0d23edc60,PANDABYTE,7.21,162301188,0.8,0.8
103,0x018ceb2744a0a6a0a316d7eb939a0a7a777209e6ded45cb0aa7eddd0d23edc60,PANDABYTE,7.23,162440843,0.8,0.8
104,0x018ceb2744a0a6a0a316d7eb939a0a7a777209e6ded45cb0aa7eddd0d23edc60,PANDABYTE,7.2,161865406,0.8,0.8
105,0x018ceb2744a0a6a0a316d7eb939a0a7a777209e6ded45cb0aa7eddd0d23edc60,PANDABYTE,7.14,160634854,0.8,0.8
106,0x018ceb2744a0a6a0a316d7eb939a0a7a777209e6ded45cb0aa7eddd0d23edc60,PANDABYTE,7.13,160471723,0.8,0.8
107,0x018ceb2744a0a6a0a316d7eb939a0a7a777209e6ded45cb0aa7eddd0d23edc60,PANDABYTE,7.08,159500754,0.8,0.8
108,0x018ceb2744a0a6a0a316d7eb939a0a7a777209e6ded45cb0aa7eddd0d23edc60,PANDABYTE,7.07,159565573,0.8,0.8
109,0x018ceb2744a0a6a0a316d7eb939a0a7a777209e6ded45cb0aa7eddd0d23edc60,PANDABYTE,7.09,160004697,0.8,0.8
110,0x018ceb2744a0a6a0a316d7eb939a0a7a777209e6ded45cb0aa7eddd0d23edc60,PANDABYTE,7.09,160068666,0.8,0.8
111,0x018ceb2744a0a6a0a316d7eb939a0a7a777209e6ded45cb0aa7eddd0d23edc60,PANDABYTE,7.09,160092869,0.8,0.8
112,0x018ceb2744a0a6a0a316d7eb939a0a7a777209e6ded45cb0aa7eddd0d23edc60,PANDABYTE,7.08,160017246,0.8,0.8
113,0x018ceb2744a0a6a0a316d7eb939a0a7a777209e6ded45cb0aa7eddd0d23edc60,PANDABYTE,7.07,160062046,0.8,0.8
114,0x018ceb2744a0a6a0a316d7eb939a0a7a777209e6ded45cb0aa7eddd0d23edc60,PANDABYTE,7.07,160070363,0.8,0.8
115,0x018ceb2744a0a6a0a316d7eb939a0a7a777209e6ded45cb0aa7eddd0d23edc60,PANDABYTE,7.11,161071910,0.8,0.8
116,0x018ceb2744a0a6a0a316d7eb939a0a7a777209e6ded45cb0aa7eddd0d23edc60,PANDABYTE,7.09,160582594,0.8,0.8
117,0x018ceb2744a0a6a0a316d7eb939a0a7a777209e6ded45cb0aa7eddd0d23edc60,PANDABYTE I,7.1,160723801,0.8,0.8
118,0x018ceb2744a0a6a0a316d7eb939a0a7a777209e6ded45cb0aa7eddd0d23edc60,PANDABYTE I,7.1,160800466,0.8,0.8
119,0x018ceb2744a0a6a0a316d7eb939a0a7a777209e6ded45cb0aa7eddd0d23edc60,PANDABYTE I,7.11,160694282,0.8,0.8
120,0x018ceb2744a0a6a0a316d7eb939a0a7a777209e6ded45cb0aa7eddd0d23edc60,PANDABYTE I,7.1,160587632,0.8,0.8
121,0x018ceb2744a0a6a0a316d7eb939a0a7a777209e6ded45cb0aa7eddd0d23edc60,PANDABYTE I,7.09,160667135,0.8,0.8
122,0x018ceb2744a0a6a0a316d7eb939a0a7a777209e6ded45cb0aa7eddd0d23edc60,PANDABYTE I,7.08,160627506,0.8,0.8
123,0x018ceb2744a0a6a0a316d7eb939a0a7a777209e6ded45cb0aa7eddd0d23edc60,PANDABYTE I,7.08,160628319,0.8,0.8
124,0x018ceb2744a0a6a0a316d7eb939a0a7a777209e6ded45cb0aa7eddd0d23edc60,PANDABYTE I,7.07,160536392,0.8,0.8
125,0x018ceb2744a0a6a0a316d7eb939a0a7a777209e6ded45cb0aa7eddd0d23edc60,PANDABYTE I,7.06,160428279,0.8,0.8
126,0x018ceb2744a0a6a0a316d7eb939a0a7a777209e6ded45cb0aa7eddd0d23edc60,PANDABYTE I,7.06,160375695,0.8,0.8
127,0x018ceb2744a0a6a0a316d7eb939a0a7a777209e6ded45cb0aa7eddd0d23edc60,PANDABYTE I,7.06,160475214,0.8,0.8
128,0x018ceb2744a0a6a0a316d7eb939a0a7a777209e6ded45cb0aa7eddd0d23edc60,PANDABYTE I,7.06,160567761,0.8,0.8
129,0x018ceb2744a0a6a0a316d7eb939a0a7a777209e6ded45cb0aa7eddd0d23edc60,PANDABYTE I,7.16,160663482,0.8,0.8
130,0x018ceb2744a0a6a0a316d7eb939a0a7a777209e6ded45cb0aa7eddd0d23edc60,PANDABYTE I,7.16,160754830,0.8,0.8
131,0x018ceb2744a0a6a0a316d7eb939a0a7a777209e6ded45cb0aa7eddd0d23edc60,PANDABYTE I,7.16,160819402,0.8,0.8
132,0x018ceb2744a0a6a0a316d7eb939a0a7a777209e6ded45cb0aa7eddd0d23edc60,PANDABYTE I,7.16,160814829,0.8,0.8
133,0x018ceb2744a0a6a0a316d7eb939a0a7a777209e6ded45cb0aa7eddd0d23edc60,PANDABYTE I,7.15,160771328,0.7,0.7
134,0x018ceb2744a0a6a0a316d7eb939a0a7a777209e6ded45cb0aa7eddd0d23edc60,PANDABYTE I,7.13,160710158,0.7,0.7
135,0x018ceb2744a0a6a0a316d7eb939a0a7a777209e6ded45cb0aa7eddd0d23edc60,PANDABYTE I,7.14,160756230,0.7,0.7
136,0x018ceb2744a0a6a0a316d7eb939a0a7a777209e6ded45cb0aa7eddd0d23edc60,PANDABYTE I,7.12,160910593,0.7,0.7
137,0x018ceb2744a0a6a0a316d7eb939a0a7a777209e6ded45cb0aa7eddd0d23edc60,PANDABYTE I,7.05,160588214,0.7,0.7
138,0x018ceb2744a0a6a0a316d7eb939a0a7a777209e6ded45cb0aa7eddd0d23edc60,PANDABYTE I,7.03,160693145,0.7,0.7
139,0x018ceb2744a0a6a0a316d7eb939a0a7a777209e6ded45cb0aa7eddd0d23edc60,PANDABYTE I,7.03,160871489,0.7,0.7
140,0x018ceb2744a0a6a0a316d7eb939a0a7a777209e6ded45cb0aa7eddd0d23edc60,PANDABYTE I,7.03,160924649,0.7,0.7
141,0x018ceb2744a0a6a0a316d7eb939a0a7a777209e6ded45cb0aa7eddd0d23edc60,PANDABYTE I,7.05,161012425,0.7,0.7
142,0x018ceb2744a0a6a0a316d7eb939a0a7a777209e6ded45cb0aa7eddd0d23edc60,PANDABYTE I,7.04,161025957,0.7,0.7
143,0x018ceb2744a0a6a0a316d7eb939a0a7a777209e6ded45cb0aa7eddd0d23edc60,PANDABYTE I,7.03,161064562,0.7,0.7
144,0x018ceb2744a0a6a0a316d7eb939a0a7a777209e6ded45cb0aa7eddd0d23edc60,PANDABYTE I,7.03,161103605,0.7,0.7
145,0x018ceb2744a0a6a0a316d7eb939a0a7a777209e6ded45cb0aa7eddd0d23edc60,PANDABYTE I,7.03,161049167,0.7,0.7
146,0x018ceb2744a0a6a0a316d7eb939a0a7a777209e6ded45cb0aa7eddd0d23edc60,PANDABYTE I,7.02,160940939,0.7,0.7
147,0x018ceb2744a0a6a0a316d7eb939a0a7a777209e6ded45cb0aa7eddd0d23edc60,PANDABYTE I,7.03,160952697,0.7,0.7
148,0x018ceb2744a0a6a0a316d7eb939a0a7a777209e6ded45cb0aa7eddd0d23edc60,PANDABYTE I,7.0,160997458,0.7,0.7
149,0x018ceb2744a0a6a0a316d7eb939a0a7a777209e6ded45cb0aa7eddd0d23edc60,PANDABYTE I,6.94,159524109,0.7,0.7
150,0x018ceb2744a0a6a0a316d7eb939a0a7a777209e6ded45cb0aa7eddd0d23edc60,PANDABYTE I,6.93,158676385,0.7,0.7
151,0x018ceb2744a0a6a0a316d7eb939a0a7a777209e6ded45cb0aa7eddd0d23edc60,PANDABYTE I,6.96,159073978,0.69,0.69
152,0x018ceb2744a0a6a0a316d7eb939a0a7a777209e6ded45cb0aa7eddd0d23edc60,PANDABYTE I,6.8,155590090,0.69,0.69
153,0x018ceb2744a0a6a0a316d7eb939a0a7a777209e6ded45cb0aa7eddd0d23edc60,PANDABYTE I,6.79,155569705,0.69,0.69
154,0x018ceb2744a0a6a0a316d7eb939a0a7a777209e6ded45cb0aa7eddd0d23edc60,PANDABYTE I,6.88,155284168,0.69,0.69
155,0x018ceb2744a0a6a0a316d7eb939a0a7a777209e6ded45cb0aa7eddd0d23edc60,PANDABYTE I,6.87,155212766,0.69,0.69
156,0x018ceb2744a0a6a0a316d7eb939a0a7a777209e6ded45cb0aa7eddd0d23edc60,PANDABYTE I,6.78,154832307,0.69,0.69
157,0x018ceb2744a0a6a0a316d7eb939a0a7a777209e6ded45cb0aa7eddd0d23edc60,PANDABYTE I,6.78,155003405,0.69,0.69
158,0x018ceb2744a0a6a0a316d7eb939a0a7a777209e6ded45cb0aa7eddd0d23edc60,PANDABYTE I,6.79,155121923,0.69,0.69
159,0x018ceb2744a0a6a0a316d7eb939a0a7a777209e6ded45cb0aa7eddd0d23edc60,PANDABYTE I,6.77,155306066,0.69,0.69
160,0x018ceb2744a0a6a0a316d7eb939a0a7a777209e6ded45cb0aa7eddd0d23edc60,PANDABYTE I,6.76,155155402,0.69,0.69
161,0x018ceb2744a0a6a0a316d7eb939a0a7a777209e6ded45cb0aa7eddd0d23edc60,PANDABYTE I,6.76,155197303,0.69,0.69
162,0x018ceb2744a0a6a0a316d7eb939a0a7a777209e6ded45cb0aa7eddd0d23edc60,PANDABYTE I,6.74,155140643,0.69,0.69
163,0x018ceb2744a0a6a0a316d7eb939a0a7a777209e6ded45cb0aa7eddd0d23edc60,PANDABYTE I,6.78,156410240,0.69,0.69
164,0x018ceb2744a0a6a0a316d7eb939a0a7a777209e6ded45cb0aa7eddd0d23edc60,PANDABYTE I,6.67,156415078,0.69,0.69
165,0x018ceb2744a0a6a0a316d7eb939a0a7a777209e6ded45cb0aa7eddd0d23edc60,PANDABYTE I,6.66,156570109,0.69,0.69
166,0x018ceb2744a0a6a0a316d7eb939a0a7a777209e6ded45cb0aa7eddd0d23edc60,PANDABYTE I,6.64,155942610,0.69,0.69
167,0x018ceb2744a0a6a0a316d7eb939a0a7a777209e6ded45cb0aa7eddd0d23edc60,PANDABYTE I,6.64,155994267,0.69,0.69
168,0x018ceb2744a0a6a0a316d7eb939a0a7a777209e6ded45cb0aa7eddd0d23edc60,PANDABYTE I,6.63,156036239,0.69,0.69
169,0x018ceb2744a0a6a0a316d7eb939a0a7a777209e6ded45cb0aa7eddd0d23edc60,PANDABYTE I,6.63,156162003,0.69,0.69
170,0x018ceb2744a0a6a0a316d7eb939a0a7a777209e6ded45cb0aa7eddd0d23edc60,PANDABYTE I,6.63,156189672,0.69,0.69
171,0x018ceb2744a0a6a0a316d7eb939a0a7a777209e6ded45cb0aa7eddd0d23edc60,PANDABYTE I,6.63,156332650,0.69,0.69
172,0x018ceb2744a0a6a0a316d7eb939a0a7a777209e6ded45cb0aa7eddd0d23edc60,PANDABYTE I,6.61,155898702,0.69,0.69
173,0x018ceb2744a0a6a0a316d7eb939a0a7a777209e6ded45cb0aa7eddd0d23edc60,PANDABYTE I,6.61,155891027,0.69,0.69
174,0x018ceb2744a0a6a0a316d7eb939a0a7a777209e6ded45cb0aa7eddd0d23edc60,PANDABYTE I,6.61,155955915,0.69,0.69
175,0x018ceb2744a0a6a0a316d7eb939a0a7a777209e6ded45cb0aa7eddd0d23edc60,PANDABYTE I,6.61,155990639,0.69,0.69
176,0x018ceb2744a0a6a0a316d7eb939a0a7a777209e6ded45cb0aa7eddd0d23edc60,PANDABYTE I,6.6,156067840,0.69,0.69
177,0x018ceb2744a0a6a0a316d7eb939a0a7a777209e6ded45cb0aa7eddd0d23edc60,PANDABYTE I,6.6,156113987,0.69,0.69
178,0x018ceb2744a0a6a0a316d7eb939a0a7a777209e6ded45cb0aa7eddd0d23edc60,PANDABYTE I,6.68,156177689,0.69,0.69
179,0x018ceb2744a0a6a0a316d7eb939a0a7a777209e6ded45cb0aa7eddd0d23edc60,PANDABYTE I,6.79,156004060,0.69,0.69
180,0x018ceb2744a0a6a0a316d7eb939a0a7a777209e6ded45cb0aa7eddd0d23edc60,PANDABYTE I,6.64,156131094,0.69,0.69
181,0x018ceb2744a0a6a0a316d7eb939a0a7a777209e6ded45cb0aa7eddd0d23edc60,PANDABYTE I,6.67,156404515,0.69,0.69
182,0x018ceb2744a0a6a0a316d7eb939a0a7a777209e6ded45cb0aa7eddd0d23edc60,PANDABYTE I,6.66,156603740,0.69,0.69
183,0x018ceb2744a0a6a0a316d7eb939a0a7a777209e6ded45cb0aa7eddd0d23edc60,PANDABYTE I,6.75,155950024,0.69,0.69
184,0x018ceb2744a0a6a0a316d7eb939a0a7a777209e6ded45cb0aa7eddd0d23edc60,PANDABYTE I,6.73,155519054,0.69,0.69
185,0x018ceb2744a0a6a0a316d7eb939a0a7a777209e6ded45cb0aa7eddd0d23edc60,PANDABYTE I,6.74,155204048,0.69,0.69
186,0x018ceb2744a0a6a0a316d7eb939a0a7a777209e6ded45cb0aa7eddd0d23edc60,PANDABYTE I,6.75,155261108,0.69,0.69
187,0x018ceb2744a0a6a0a316d7eb939a0a7a777209e6ded45cb0aa7eddd0d23edc60,PANDABYTE I,6.66,154738736,0.69,0.69
188,0x018ceb2744a0a6a0a316d7eb939a0a7a777209e6ded45cb0aa7eddd0d23edc60,PANDABYTE I,6.59,154656279,0.69,0.69
189,0x018ceb2744a0a6a0a316d7eb939a0a7a777209e6ded45cb0aa7eddd0d23edc60,PANDABYTE I,6.59,154732789,0.69,0.69
190,0x018ceb2744a0a6a0a316d7eb939a0a7a777209e6ded45cb0aa7eddd0d23edc60,PANDABYTE I,6.72,154751441,0.69,0.69
191,0x018ceb2744a0a6a0a316d7eb939a0a7a777209e6ded45cb0aa7eddd0d23edc60,PANDABYTE I,6.67,154831870,0.69,0.69
192,0x018ceb2744a0a6a0a316d7eb939a0a7a777209e6ded45cb0aa7eddd0d23edc60,PANDABYTE I,6.59,154854310,0.69,0.69
193,0x018ceb2744a0a6a0a316d7eb939a0a7a777209e6ded45cb0aa7eddd0d23edc60,PANDABYTE I,6.59,154815189,0.69,0.69
194,0x018ceb2744a0a6a0a316d7eb939a0a7a777209e6ded45cb0aa7eddd0d23edc60,PANDABYTE I,6.57,154882544,0.69,0.69
195,0x018ceb2744a0a6a0a316d7eb939a0a7a777209e6ded45cb0aa7eddd0d23edc60,PANDABYTE I,6.57,154937330,0.69,0.69
196,0x018ceb2744a0a6a0a316d7eb939a0a7a777209e6ded45cb0aa7eddd0d23edc60,PANDABYTE I,6.57,155040060,0.69,0.69
197,0x018ceb2744a0a6a0a316d7eb939a0a7a777209e6ded45cb0aa7eddd0d23edc60,PANDABYTE I,6.56,155094022,0.69,0.69
198,0x018ceb2744a0a6a0a316d7eb939a0a7a777209e6ded45cb0aa7eddd0d23edc60,PANDABYTE I,6.56,155532354,0.69,0.69
199,0x018ceb2744a0a6a0a316d7eb939a0a7a777209e6ded45cb0aa7eddd0d23edc60,PANDABYTE I,6.56,155555660,0.69,0.69
200,0x018ceb2744a0a6a0a316d7eb939a0a7a777209e6ded45cb0aa7eddd0d23edc60,PANDABYTE I,6.68,155627608,0.69,0.69
201,0x018ceb2744a0a6a0a316d7eb939a0a7a777209e6ded45cb0aa7eddd0d23edc60,PANDABYTE I,6.67,155698346,0.69,0.69
202,0x018ceb2744a0a6a0a316d7eb939a0a7a777209e6ded45cb0aa7eddd0d23edc60,PANDABYTE I,6.68,155889642,0.69,0.69
203,0x018ceb2744a0a6a0a316d7eb939a0a7a777209e6ded45cb0aa7eddd0d23edc60,PANDABYTE I,6.66,155615302,0.69,0.69
204,0x018ceb2744a0a6a0a316d7eb939a0a7a777209e6ded45cb0aa7eddd0d23edc60,PANDABYTE I,6.67,155848917,0.69,0.69
205,0x018ceb2744a0a6a0a316d7eb939a0a7a777209e6ded45cb0aa7eddd0d23edc60,PANDABYTE I,6.67,155904916,0.69,0.69
206,0x018ceb2744a0a6a0a316d7eb939a0a7a777209e6ded45cb0aa7eddd0d23edc60,PANDABYTE I,6.53,155985696,0.69,0.69
207,0x018ceb2744a0a6a0a316d7eb939a0a7a777209e6ded45cb0aa7eddd0d23edc60,PANDABYTE I,6.56,156056692,0.69,0.69
208,0x018ceb2744a0a6a0a316d7eb939a0a7a777209e6ded45cb0aa7eddd0d23edc60,PANDABYTE I,6.55,156139312,0.69,0.69
209,0x018ceb2744a0a6a0a316d7eb939a0a7a777209e6ded45cb0aa7eddd0d23edc60,PANDABYTE I,6.54,155822177,0.69,0.69
210,0x018ceb2744a0a6a0a316d7eb939a0a7a777209e6ded45cb0aa7eddd0d23edc60,PANDABYTE I,6.53,155822130,0.69,0.69
211,0x018ceb2744a0a6a0a316d7eb939a0a7a777209e6ded45cb0aa7eddd0d23edc60,PANDABYTE I,6.54,155855491,0.69,0.69
212,0x018ceb2744a0a6a0a316d7eb939a0a7a777209e6ded45cb0aa7eddd0d23edc60,PANDABYTE I,6.55,156019680,0.69,0.69
213,0x018ceb2744a0a6a0a316d7eb939a0a7a777209e6ded45cb0aa7eddd0d23edc60,PANDABYTE I,6.55,156066257,0.69,0.69
214,0x018ceb2744a0a6a0a316d7eb939a0a7a777209e6ded45cb0aa7eddd0d23edc60,PANDABYTE I,6.56,156245715,0.69,0.69
215,0x018ceb2744a0a6a0a316d7eb939a0a7a777209e6ded45cb0aa7eddd0d23edc60,PANDABYTE I,6.54,156234200,0.69,0.69
216,0x018ceb2744a0a6a0a316d7eb939a0a7a777209e6ded45cb0aa7eddd0d23edc60,PANDABYTE I,6.54,156203198,0.69,0.69
217,0x018ceb2744a0a6a0a316d7eb939a0a7a777209e6ded45cb0aa7eddd0d23edc60,PANDABYTE I,6.53,156214309,0.69,0.69
218,0x018ceb2744a0a6a0a316d7eb939a0a7a777209e6ded45cb0aa7eddd0d23edc60,PANDABYTE I,6.53,156214930,0.69,0.69
219,0x018ceb2744a0a6a0a316d7eb939a0a7a777209e6ded45cb0aa7eddd0d23edc60,PANDABYTE I,6.52,156216802,0.69,0.69
220,0x018ceb2744a0a6a0a316d7eb939a0a7a777209e6ded45cb0aa7eddd0d23edc60,PANDABYTE I,6.57,156284974,0.69,0.69
221,0x018ceb2744a0a6a0a316d7eb939a0a7a777209e6ded45cb0aa7eddd0d23edc60,PANDABYTE I,6.53,156365333,0.69,0.69
222,0x018ceb2744a0a6a0a316d7eb939a0a7a777209e6ded45cb0aa7eddd0d23edc60,PANDABYTE I,6.52,156225219,0.69,0.69
223,0x018ceb2744a0a6a0a316d7eb939a0a7a777209e6ded45cb0aa7eddd0d23edc60,PANDABYTE I,6.52,156277487,0.69,0.69
224,0x018ceb2744a0a6a0a316d7eb939a0a7a777209e6ded45cb0aa7eddd0d23edc60,PANDABYTE I,6.52,156286077,0.69,0.69
225,0x018ceb2744a0a6a0a316d7eb939a0a7a777209e6ded45cb0aa7eddd0d23edc60,PANDABYTE I,6.61,156272637,0.69,0.69
226,0x018ceb2744a0a6a0a316d7eb939a0a7a777209e6ded45cb0aa7eddd0d23edc60,PANDABYTE I,6.59,156320061,0.69,0.69
227,0x018ceb2744a0a6a0a316d7eb939a0a7a777209e6ded45cb0aa7eddd0d23edc60,PANDABYTE I,6.57,156350354,0.69,0.69
228,0x018ceb2744a0a6a0a316d7eb939a0a7a777209e6ded45cb0aa7eddd0d23edc60,PANDABYTE I,6.52,156411321,0.69,0.69
229,0x018ceb2744a0a6a0a316d7eb939a0a7a777209e6ded45cb0aa7eddd0d23edc60,PANDABYTE I,6.51,156406337,0.69,0.69
230,0x018ceb2744a0a6a0a316d7eb939a0a7a777209e6ded45cb0aa7eddd0d23edc60,PANDABYTE I,6.51,156437824,0.69,0.69
231,0x018ceb2744a0a6a0a316d7eb939a0a7a777209e6ded45cb0aa7eddd0d23edc60,PANDABYTE I,6.51,156399867,0.69,0.69
232,0x018ceb2744a0a6a0a316d7eb939a0a7a777209e6ded45cb0aa7eddd0d23edc60,PANDABYTE I,6.5,156341889,0.69,0.69
233,0x018ceb2744a0a6a0a316d7eb939a0a7a777209e6ded45cb0aa7eddd0d23edc60,PANDABYTE I,6.49,156071062,0.69,0.69
234,0x018ceb2744a0a6a0a316d7eb939a0a7a777209e6ded45cb0aa7eddd0d23edc60,PANDABYTE I,6.49,156144127,0.69,0.69
235,0x018ceb2744a0a6a0a316d7eb939a0a7a777209e6ded45cb0aa7eddd0d23edc60,PANDABYTE I,6.48,156036009,0.69,0.69
236,0x018ceb2744a0a6a0a316d7eb939a0a7a777209e6ded45cb0aa7eddd0d23edc60,PANDABYTE I,6.47,155772052,0.69,0.69
237,0x018ceb2744a0a6a0a316d7eb939a0a7a777209e6ded45cb0aa7eddd0d23edc60,PANDABYTE I,6.62,155930207,0.69,0.69
238,0x018ceb2744a0a6a0a316d7eb939a0a7a777209e6ded45cb0aa7eddd0d23edc60,PANDABYTE I,6.62,155991604,0.69,0.69
239,0x018ceb2744a0a6a0a316d7eb939a0a7a777209e6ded45cb0aa7eddd0d23edc60,PANDABYTE I,6.62,155795253,0.66,0.66
240,0x018ceb2744a0a6a0a316d7eb939a0a7a777209e6ded45cb0aa7eddd0d23edc60,PANDABYTE I,6.62,155580599,0.66,0.66
241,0x018ceb2744a0a6a0a316d7eb939a0a7a777209e6ded45cb0aa7eddd0d23edc60,PANDABYTE I,6.59,154868229,0.66,0.66
242,0x018ceb2744a0a6a0a316d7eb939a0a7a777209e6ded45cb0aa7eddd0d23edc60,PANDABYTE I,6.62,155876743,0.66,0.66
243,0x018ceb2744a0a6a0a316d7eb939a0a7a777209e6ded45cb0aa7eddd0d23edc60,PANDABYTE I,6.62,156088014,0.66,0.66
244,0x018ceb2744a0a6a0a316d7eb939a0a7a777209e6ded45cb0aa7eddd0d23edc60,PANDABYTE I,6.62,156255975,0.66,0.66
245,0x018ceb2744a0a6a0a316d7eb939a0a7a777209e6ded45cb0aa7eddd0d23edc60,PANDABYTE I,6.62,156363806,0.66,0.66
246,0x018ceb2744a0a6a0a316d7eb939a0a7a777209e6ded45cb0aa7eddd0d23edc60,PANDABYTE I,6.61,156331601,0.66,0.66
247,0x018ceb2744a0a6a0a316d7eb939a0a7a777209e6ded45cb0aa7eddd0d23edc60,PANDABYTE I,6.61,156175640,0.66,0.66
248,0x018ceb2744a0a6a0a316d7eb939a0a7a777209e6ded45cb0aa7eddd0d23edc60,PANDABYTE I,6.61,156369663,0.6,0.6
249,0x018ceb2744a0a6a0a316d7eb939a0a7a777209e6ded45cb0aa7eddd0d23edc60,PANDABYTE I,6.61,156463978,0.6,0.6
250,0x018ceb2744a0a6a0a316d7eb939a0a7a777209e6ded45cb0aa7eddd0d23edc60,PANDABYTE I,6.62,156513388,0.6,0.6
251,0x018ceb2744a0a6a0a316d7eb939a0a7a777209e6ded45cb0aa7eddd0d23edc60,PANDABYTE I,6.62,156549626,0.6,0.6
252,0x018ceb2744a0a6a0a316d7eb939a0a7a777209e6ded45cb0aa7eddd0d23edc60,PANDABYTE I,6.62,156749197,0.6,0.6
253,0x018ceb2744a0a6a0a316d7eb939a0a7a777209e6ded45cb0aa7eddd0d23edc60,PANDABYTE I,6.46,156818566,0.6,0.6
254,0x018ceb2744a0a6a0a316d7eb939a0a7a777209e6ded45cb0aa7eddd0d23edc60,PANDABYTE I,6.45,156640841,0.6,0.6
255,0x018ceb2744a0a6a0a316d7eb939a0a7a777209e6ded45cb0aa7eddd0d23edc60,PANDABYTE I,6.45,156711114,0.6,0.6
256,0x018ceb2744a0a6a0a316d7eb939a0a7a777209e6ded45cb0aa7eddd0d23edc60,PANDABYTE I,6.45,156773537,0.6,0.6
257,0x018ceb2744a0a6a0a316d7eb939a0a7a777209e6ded45cb0aa7eddd0d23edc60,PANDABYTE I,6.47,156818471,0.6,0.6
258,0x018ceb2744a0a6a0a316d7eb939a0a7a777209e6ded45cb0aa7eddd0d23edc60,PANDABYTE I,6.47,156942207,0.6,0.6
259,0x018ceb2744a0a6a0a316d7eb939a0a7a777209e6ded45cb0aa7eddd0d23edc60,PANDABYTE I,6.47,156999164,0.6,0.6
260,0x018ceb2744a0a6a0a316d7eb939a0a7a777209e6ded45cb0aa7eddd0d23edc60,PANDABYTE I,6.46,157037177,0.6,0.6
261,0x018ceb2744a0a6a0a316d7eb939a0a7a777209e6ded45cb0aa7eddd0d23edc60,PANDABYTE I,6.46,157097164,0.6,0.6
262,0x018ceb2744a0a6a0a316d7eb939a0a7a777209e6ded45cb0aa7eddd0d23edc60,PANDABYTE I,6.44,157230430,0.6,0.6
263,0x018ceb2744a0a6a0a316d7eb939a0a7a777209e6ded45cb0aa7eddd0d23edc60,PANDABYTE I,6.45,157541309,0.6,0.6
264,0x018ceb2744a0a6a0a316d7eb939a0a7a777209e6ded45cb0aa7eddd0d23edc60,PANDABYTE I,6.47,157587033,0.6,0.6
265,0x018ceb2744a0a6a0a316d7eb939a0a7a777209e6ded45cb0aa7eddd0d23edc60,PANDABYTE I,6.53,157619350,0.6,0.6
266,0x018ceb2744a0a6a0a316d7eb939a0a7a777209e6ded45cb0aa7eddd0d23edc60,PANDABYTE I,6.47,157714540,0.6,0.6
267,0x018ceb2744a0a6a0a316d7eb939a0a7a777209e6ded45cb0aa7eddd0d23edc60,PANDABYTE I,6.48,157679923,0.6,0.6
268,0x018ceb2744a0a6a0a316d7eb939a0a7a777209e6ded45cb0aa7eddd0d23edc60,PANDABYTE I,6.48,157737052,0.6,0.6
269,0x018ceb2744a0a6a0a316d7eb939a0a7a777209e6ded45cb0aa7eddd0d23edc60,PANDABYTE I,6.58,157837779,0.6,0.6
270,0x018ceb2744a0a6a0a316d7eb939a0a7a777209e6ded45cb0aa7eddd0d23edc60,PANDABYTE I,6.52,157884719,0.6,0.6
271,0x018ceb2744a0a6a0a316d7eb939a0a7a777209e6ded45cb0aa7eddd0d23edc60,PANDABYTE I,6.57,158475690,0.6,0.6
272,0x018ceb2744a0a6a0a316d7eb939a0a7a777209e6ded45cb0aa7eddd0d23edc60,PANDABYTE I,6.55,158438729,0.99,0.99
273,0x018ceb2744a0a6a0a316d7eb939a0a7a777209e6ded45cb0aa7eddd0d23edc60,PANDABYTE I,6.54,158545076,0.99,0.99
274,0x018ceb2744a0a6a0a316d7eb939a0a7a777209e6ded45cb0aa7eddd0d23edc60,PANDABYTE I,6.57,158618458,0.99,0.99
275,0x018ceb2744a0a6a0a316d7eb939a0a7a777209e6ded45cb0aa7eddd0d23edc60,PANDABYTE I,6.57,158678419,0.99,0.99
276,0x018ceb2744a0a6a0a316d7eb939a0a7a777209e6ded45cb0aa7eddd0d23edc60,PANDABYTE I,6.57,159267364,0.99,0.99
277,0x018ceb2744a0a6a0a316d7eb939a0a7a777209e6ded45cb0aa7eddd0d23edc60,PANDABYTE I,6.56,159756092,0.99,0.99
278,0x018ceb2744a0a6a0a316d7eb939a0a7a777209e6ded45cb0aa7eddd0d23edc60,PANDABYTE I,6.56,159849265,0.99,0.99
279,0x018ceb2744a0a6a0a316d7eb939a0a7a777209e6ded45cb0aa7eddd0d23edc60,PANDABYTE I,6.56,159942700,0.99,0.99
280,0x018ceb2744a0a6a0a316d7eb939a0a7a777209e6ded45cb0aa7eddd0d23edc60,PANDABYTE I,6.64,160728622,0.99,0.99
281,0x018ceb2744a0a6a0a316d7eb939a0a7a777209e6ded45cb0aa7eddd0d23edc60,PANDABYTE I,6.59,160757901,0.99,0.99
282,0x018ceb2744a0a6a0a316d7eb939a0a7a777209e6ded45cb0aa7eddd0d23edc60,PANDABYTE I,6.55,159898648,0.99,0.99
283,0x018ceb2744a0a6a0a316d7eb939a0a7a777209e6ded45cb0aa7eddd0d23edc60,PANDABYTE I,6.59,159956867,0.99,0.99
284,0x018ceb2744a0a6a0a316d7eb939a0a7a777209e6ded45cb0aa7eddd0d23edc60,PANDABYTE I,6.63,162314649,0.99,0.99
285,0x018ceb2744a0a6a0a316d7eb939a0a7a777209e6ded45cb0aa7eddd0d23edc60,PANDABYTE I,6.61,161896817,0.99,0.99
286,0x018ceb2744a0a6a0a316d7eb939a0a7a777209e6ded45cb0aa7eddd0d23edc60,PANDABYTE I,6.61,161992551,0.99,0.99
287,0x018ceb2744a0a6a0a316d7eb939a0a7a777209e6ded45cb0aa7eddd0d23edc60,PANDABYTE I,6.57,160919078,0.99,0.99
288,0x018ceb2744a0a6a0a316d7eb939a0a7a777209e6ded45cb0aa7eddd0d23edc60,PANDABYTE I,6.57,161001500,0.99,0.99
289,0x018ceb2744a0a6a0a316d7eb939a0a7a777209e6ded45cb0aa7eddd0d23edc60,PANDABYTE I,6.57,161094571,0.99,0.99
290,0x018ceb2744a0a6a0a316d7eb939a0a7a777209e6ded45cb0aa7eddd0d23edc60,PANDABYTE I,6.59,161388037,0.99,0.99
291,0x018ceb2744a0a6a0a316d7eb939a0a7a777209e6ded45cb0aa7eddd0d23edc60,PANDABYTE I,6.56,161503966,0.99,0.99
292,0x018ceb2744a0a6a0a316d7eb939a0a7a777209e6ded45cb0aa7eddd0d23edc60,PANDABYTE I,6.56,161535238,0.99,0.99
293,0x018ceb2744a0a6a0a316d7eb939a0a7a777209e6ded45cb0aa7eddd0d23edc60,PANDABYTE I,6.81,167667425,0.99,0.99
294,0x018ceb2744a0a6a0a316d7eb939a0a7a777209e6ded45cb0aa7eddd0d23edc60,PANDABYTE I,6.81,167748534,0.99,0.99
295,0x018ceb2744a0a6a0a316d7eb939a0a7a777209e6ded45cb0aa7eddd0d23edc60,PANDABYTE I,6.83,167909741,0.99,0.99
296,0x018ceb2744a0a6a0a316d7eb939a0a7a777209e6ded45cb0aa7eddd0d23edc60,PANDABYTE I,6.84,167961031,0.99,6.84
297,0x018ceb2744a0a6a0a316d7eb939a0a7a777209e6ded45cb0aa7eddd0d23edc60,PANDABYTE I,6.83,167722834,0.99,6.83
298,0x018ceb2744a0a6a0a316d7eb939a0a7a777209e6ded45cb0aa7eddd0d23edc60,PANDABYTE I,6.49,159289469,0.99,6.49
299,0x018ceb2744a0a6a0a316d7eb939a0a7a777209e6ded45cb0aa7eddd0d23edc60,PANDABYTE I,6.48,159122855,0.99,6.48
300,0x018ceb2744a0a6a0a316d7eb939a0a7a777209e6ded45cb0aa7eddd0d23edc60,PANDABYTE I,6.47,159008857,0.99,6.47
301,0x018ceb2744a0a6a0a316d7eb939a0a7a777209e6ded45cb0aa7eddd0d23edc60,PANDABYTE I,6.41,157539628,0.99,6.41
302,0x018ceb2744a0a6a0a316d7eb939a0a7a777209e6ded45cb0aa7eddd0d23edc60,PANDABYTE I,5.92,145663447,0.99,5.92
303,0x018ceb2744a0a6a0a316d7eb939a0a7a777209e6ded45cb0aa7eddd0d23edc60,PANDABYTE I,5.82,142770938,0.99,5.82
304,0x018ceb2744a0a6a0a316d7eb939a0a7a777209e6ded45cb0aa7eddd0d23edc60,PANDABYTE I,5.76,141337254,0.99,5.76
305,0x018ceb2744a0a6a0a316d7eb939a0a7a777209e6ded45cb0aa7eddd0d23edc60,PANDABYTE I,5.75,141257867,0.99,5.75
306,0x018ceb2744a0a6a0a316d7eb939a0a7a777209e6ded45cb0aa7eddd0d23edc60,PANDABYTE I,5.71,139754748,0.99,5.71
307,0x018ceb2744a0a6a0a316d7eb939a0a7a777209e6ded45cb0aa7eddd0d23edc60,PANDABYTE I,5.7,139632465,0.99,5.7
308,0x018ceb2744a0a6a0a316d7eb939a0a7a777209e6ded45cb0aa7eddd0d23edc60,PANDABYTE I,5.69,139335309,0.99,5.69
309,0x018ceb2744a0a6a0a316d7eb939a0a7a777209e6ded45cb0aa7eddd0d23edc60,PANDABYTE I,5.69,138292579,0.99,5.69
310,0x018ceb2744a0a6a0a316d7eb939a0a7a777209e6ded45cb0aa7eddd0d23edc60,PANDABYTE I,5.69,138333738,0.99,5.69
311,0x018ceb2744a0a6a0a316d7eb939a0a7a777209e6ded45cb0aa7eddd0d23edc60,PANDABYTE I,5.83,138373212,0.99,5.83
312,0x018ceb2744a0a6a0a316d7eb939a0a7a777209e6ded45cb0aa7eddd0d23edc60,PANDABYTE I,5.69,138289162,0.99,5.69
313,0x018ceb2744a0a6a0a316d7eb939a0a7a777209e6ded45cb0aa7eddd0d23edc60,PANDABYTE I,5.7,138429358,0.99,5.7
314,0x018ceb2744a0a6a0a316d7eb939a0a7a777209e6ded45cb0aa7eddd0d23edc60,PANDABYTE I,5.7,138467302,0.99,5.7
315,0x018ceb2744a0a6a0a316d7eb939a0a7a777209e6ded45cb0aa7eddd0d23edc60,PANDABYTE I,5.7,138422361,0.99,5.7
316,0x018ceb2744a0a6a0a316d7eb939a0a7a777209e6ded45cb0aa7eddd0d23edc60,PANDABYTE I,5.69,138428376,0.99,5.69
317,0x018ceb2744a0a6a0a316d7eb939a0a7a777209e6ded45cb0aa7eddd0d23edc60,PANDABYTE I,5.67,137523937,0.99,5.67
318,0x018ceb2744a0a6a0a316d7eb939a0a7a777209e6ded45cb0aa7eddd0d23edc60,PANDABYTE I,5.67,137557550,0.99,5.67
319,0x018ceb2744a0a6a0a316d7eb939a0a7a777209e6ded45cb0aa7eddd0d23edc60,PANDABYTE I,5.66,137541595,0.99,5.66
320,0x018ceb2744a0a6a0a316d7eb939a0a7a777209e6ded45cb0aa7eddd0d23edc60,PANDABYTE I,5.66,137489768,0.99,5.66
321,0x018ceb2744a0a6a0a316d7eb939a0a7a777209e6ded45cb0aa7eddd0d23edc60,PANDABYTE I,5.66,137486969,0.99,5.66
322,0x018ceb2744a0a6a0a316d7eb939a0a7a777209e6ded45cb0aa7eddd0d23edc60,PANDABYTE I,5.65,137300911,0.99,5.65
323,0x018ceb2744a0a6a0a316d7eb939a0a7a777209e6ded45cb0aa7eddd0d23edc60,PANDABYTE I,5.65,137356092,0.99,5.65
324,0x018ceb2744a0a6a0a316d7eb939a0a7a777209e6ded45cb0aa7eddd0d23edc60,PANDABYTE I,5.64,137190300,0.99,5.64
325,0x018ceb2744a0a6a0a316d7eb939a0a7a777209e6ded45cb0aa7eddd0d23edc60,PANDABYTE I,5.7,137220003,0.99,5.7
326,0x018ceb2744a0a6a0a316d7eb939a0a7a777209e6ded45cb0aa7eddd0d23edc60,PANDABYTE I,5.69,136807910,0.99,5.69
327,0x018ceb2744a0a6a0a316d7eb939a0a7a777209e6ded45cb0aa7eddd0d23edc60,PANDABYTE I,5.63,136786029,0.99,5.63
328,0x018ceb2744a0a6a0a316d7eb939a0a7a777209e6ded45cb0aa7eddd0d23edc60,PANDABYTE I,5.57,135529834,0.99,5.57
329,0x018ceb2744a0a6a0a316d7eb939a0a7a777209e6ded45cb0aa7eddd0d23edc60,PANDABYTE I,5.57,135568857,0.99,5.57
330,0x018ceb2744a0a6a0a316d7eb939a0a7a777209e6ded45cb0aa7eddd0d23edc60,PANDABYTE I,5.57,135563005,0.99,5.57
331,0x018ceb2744a0a6a0a316d7eb939a0a7a777209e6ded45cb0aa7eddd0d23edc60,PANDABYTE I,5.57,135502134,0.99,5.57
332,0x018ceb2744a0a6a0a316d7eb939a0a7a777209e6ded45cb0aa7eddd0d23edc60,PANDABYTE I,5.57,135539021,0.99,5.57
333,0x018ceb2744a0a6a0a316d7eb939a0a7a777209e6ded45cb0aa7eddd0d23edc60,PANDABYTE I,5.56,135404953,0.99,5.56
334,0x018ceb2744a0a6a0a316d7eb939a0a7a777209e6ded45cb0aa7eddd0d23edc60,PANDABYTE I,5.56,135385997,0.99,5.56
335,0x018ceb2744a0a6a0a316d7eb939a0a7a777209e6ded45cb0aa7eddd0d23edc60,PANDABYTE I,5.56,135426596,0.99,5.56
336,0x018ceb2744a0a6a0a316d7eb939a0a7a777209e6ded45cb0aa7eddd0d23edc60,PANDABYTE I,5.56,135371621,0.99,5.56
337,0x018ceb2744a0a6a0a316d7eb939a0a7a777209e6ded45cb0aa7eddd0d23edc60,PANDABYTE I,5.55,135340681,0.99,5.55
338,0x018ceb2744a0a6a0a316d7eb939a0a7a777209e6ded45cb0aa7eddd0d23edc60,PANDABYTE I,5.54,135380279,0.99,5.54
339,0x018ceb2744a0a6a0a316d7eb939a0a7a777209e6ded45cb0aa7eddd0d23edc60,PANDABYTE I,5.7,135415799,0.99,5.7
340,0x018ceb2744a0a6a0a316d7eb939a0a7a777209e6ded45cb0aa7eddd0d23edc60,PANDABYTE I,5.54,135457051,0.99,5.54
341,0x018ceb2744a0a6a0a316d7eb939a0a7a777209e6ded45cb0aa7eddd0d23edc60,PANDABYTE I,5.54,135474912,0.99,5.54
342,0x018ceb2744a0a6a0a316d7eb939a0a7a777209e6ded45cb0aa7eddd0d23edc60,PANDABYTE I,5.54,135515203,0.99,5.54
343,0x018ceb2744a0a6a0a316d7eb939a0a7a777209e6ded45cb0aa7eddd0d23edc60,PANDABYTE I,5.42,132828083,0.99,5.42
344,0x018ceb2744a0a6a0a316d7eb939a0a7a777209e6ded45cb0aa7eddd0d23edc60,PANDABYTE I,5.45,132878304,0.99,5.45
345,0x018ceb2744a0a6a0a316d7eb939a0a7a777209e6ded45cb0aa7eddd0d23edc60,PANDABYTE I,5.46,132872848,0.99,5.46
346,0x018ceb2744a0a6a0a316d7eb939a0a7a777209e6ded45cb0aa7eddd0d23edc60,PANDABYTE I,5.46,132843501,0.99,5.46
347,0x018ceb2744a0a6a0a316d7eb939a0a7a777209e6ded45cb0aa7eddd0d23edc60,PANDABYTE I,5.46,132883192,0.99,5.46
348,0x018ceb2744a0a6a0a316d7eb939a0a7a777209e6ded45cb0aa7eddd0d23edc60,PANDABYTE I,5.46,132905607,0.99,5.46
349,0x018ceb2744a0a6a0a316d7eb939a0a7a777209e6ded45cb0aa7eddd0d23edc60,PANDABYTE I,5.45,132931465,0.99,5.45
350,0x018ceb2744a0a6a0a316d7eb939a0a7a777209e6ded45cb0aa7eddd0d23edc60,PANDABYTE I,5.45,133009550,0.99,5.45
351,0x018ceb2744a0a6a0a316d7eb939a0a7a777209e6ded45cb0aa7eddd0d23edc60,PANDABYTE I,5.45,133049074,0.99,5.45
352,0x018ceb2744a0a6a0a316d7eb939a0a7a777209e6ded45cb0aa7eddd0d23edc60,PANDABYTE I,5.27,128558984,0.99,5.27
353,0x018ceb2744a0a6a0a316d7eb939a0a7a777209e6ded45cb0aa7eddd0d23edc60,PANDABYTE I,5.46,128575001,0.99,5.46
354,0x018ceb2744a0a6a0a316d7eb939a0a7a777209e6ded45cb0aa7eddd0d23edc60,PANDABYTE I,4.93,120785699,0.99,4.93
355,0x018ceb2744a0a6a0a316d7eb939a0a7a777209e6ded45cb0aa7eddd0d23edc60,PANDABYTE I,4.92,120755784,0.99,4.92
356,0x018ceb2744a0a6a0a316d7eb939a0a7a777209e6ded45cb0aa7eddd0d23edc60,PANDABYTE I,4.91,120343273,0.99,4.91
357,0x018ceb2744a0a6a0a316d7eb939a0a7a777209e6ded45cb0aa7eddd0d23edc60,PANDABYTE I,4.93,120282977,0.99,4.93
358,0x018ceb2744a0a6a0a316d7eb939a0a7a777209e6ded45cb0aa7eddd0d23edc60,PANDABYTE I,4.91,120304085,0.99,4.91
359,0x018ceb2744a0a6a0a316d7eb939a0a7a777209e6ded45cb0aa7eddd0d23edc60,PANDABYTE I,4.91,120235832,0.99,4.91
360,0x018ceb2744a0a6a0a316d7eb939a0a7a777209e6ded45cb0aa7eddd0d23edc60,PANDABYTE I,4.92,120275959,0.99,4.92
361,0x018ceb2744a0a6a0a316d7eb939a0a7a777209e6ded45cb0aa7eddd0d23edc60,PANDABYTE I,4.92,120215665,0.99,4.92
362,0x018ceb2744a0a6a0a316d7eb939a0a7a777209e6ded45cb0aa7eddd0d23edc60,PANDABYTE I,4.91,120132024,0.99,4.91
363,0x018ceb2744a0a6a0a316d7eb939a0a7a777209e6ded45cb0aa7eddd0d23edc60,PANDABYTE I,4.91,120141778,0.99,4.91
364,0x018ceb2744a0a6a0a316d7eb939a0a7a777209e6ded45cb0aa7eddd0d23edc60,PANDABYTE I,4.92,120170607,0.99,4.92
365,0x018ceb2744a0a6a0a316d7eb939a0a7a777209e6ded45cb0aa7eddd0d23edc60,PANDABYTE I,4.94,120060396,0.99,4.94
366,0x018ceb2744a0a6a0a316d7eb939a0a7a777209e6ded45cb0aa7eddd0d23edc60,PANDABYTE I,4.96,120055447,0.99,4.96
367,0x018ceb2744a0a6a0a316d7eb939a0a7a777209e6ded45cb0aa7eddd0d23edc60,PANDABYTE I,5.1,120079895,0.99,5.1
368,0x018ceb2744a0a6a0a316d7eb939a0a7a777209e6ded45cb0aa7eddd0d23edc60,PANDABYTE I,5.01,119955721,0.99,5.01
369,0x018ceb2744a0a6a0a316d7eb939a0a7a777209e6ded45cb0aa7eddd0d23edc60,PANDABYTE I,4.97,119985967,0.99,4.97
370,0x018ceb2744a0a6a0a316d7eb939a0a7a777209e6ded45cb0aa7eddd0d23edc60,PANDABYTE I,4.98,120273347,0.99,4.98
371,0x018ceb2744a0a6a0a316d7eb939a0a7a777209e6ded45cb0aa7eddd0d23edc60,PANDABYTE I,4.91,118556495,0.99,4.91
372,0x018ceb2744a0a6a0a316d7eb939a0a7a777209e6ded45cb0aa7eddd0d23edc60,PANDABYTE I,4.89,118623266,0.99,4.89
373,0x018ceb2744a0a6a0a316d7eb939a0a7a777209e6ded45cb0aa7eddd0d23edc60,PANDABYTE I,4.89,118636490,0.99,4.89
374,0x018ceb2744a0a6a0a316d7eb939a0a7a777209e6ded45cb0aa7eddd0d23edc60,PANDABYTE I,4.9,118660058,0.99,4.9
375,0x018ceb2744a0a6a0a316d7eb939a0a7a777209e6ded45cb0aa7eddd0d23edc60,PANDABYTE I,4.9,118695856,0.99,4.9
376,0x018ceb2744a0a6a0a316d7eb939a0a7a777209e6ded45cb0aa7eddd0d23edc60,PANDABYTE I,4.88,118232088,0.99,4.88
377,0x018ceb2744a0a6a0a316d7eb939a0a7a777209e6ded45cb0aa7eddd0d23edc60,PANDABYTE I,4.89,118241749,0.99,4.89
378,0x018ceb2744a0a6a0a316d7eb939a0a7a777209e6ded45cb0aa7eddd0d23edc60,PANDABYTE I,4.94,118221097,0.99,4.94
379,0x018ceb2744a0a6a0a316d7eb939a0a7a777209e6ded45cb0aa7eddd0d23edc60,PANDABYTE I,4.87,118174033,0.99,4.87
380,0x018ceb2744a0a6a0a316d7eb939a0a7a777209e6ded45cb0aa7eddd0d23edc60,PANDABYTE I,4.88,118209566,0.99,4.88
381,0x018ceb2744a0a6a0a316d7eb939a0a7a777209e6ded45cb0aa7eddd0d23edc60,PANDABYTE I,5.05,118260529,0.99,5.05
382,0x018ceb2744a0a6a0a316d7eb939a0a7a777209e6ded45cb0aa7eddd0d23edc60,PANDABYTE I,4.89,118397338,0.99,4.89
383,0x018ceb2744a0a6a0a316d7eb939a0a7a777209e6ded45cb0aa7eddd0d23edc60,PANDABYTE I,4.88,118473561,0.99,4.88
384,0x018ceb2744a0a6a0a316d7eb939a0a7a777209e6ded45cb0aa7eddd0d23edc60,PANDABYTE I,4.89,118951595,0.99,4.89
385,0x018ceb2744a0a6a0a316d7eb939a0a7a777209e6ded45cb0aa7eddd0d23edc60,PANDABYTE I,4.88,118752864,0.99,4.88
386,0x018ceb2744a0a6a0a316d7eb939a0a7a777209e6ded45cb0aa7eddd0d23edc60,PANDABYTE I,4.87,118792968,0.99,4.87
